ctx,d_h,job,seed,final_step,stopped_by,ppl_change_last_3k,hours
64,512,free,0,19999,20k cap,0.02507552048129134,0.7002385858032438
64,512,free,1,19999,20k cap,0.022438880000917677,0.7036739052004284
64,512,free,2,19999,20k cap,0.021934106848996836,0.6871558640400569
64,512,reconly,0,19999,20k cap,0.02504779854572545,0.4757268498341242
32,512,free,0,18000,plateau rule,0.014029863169274891,0.6156892375151316
32,512,reconly,0,18000,plateau rule,0.014675893498212227,0.468308019373152
64,1536,free,0,19999,20k cap,0.020887645309421488,1.5089795156319936
64,1536,reconly,0,19999,20k cap,0.022849932934004964,1.3786245654026668
32,1536,free,0,18000,plateau rule,0.014570446060322473,1.450419919623269
32,1536,free,1,19999,20k cap,0.019320424955708338,1.482157077855534
32,1536,free,2,17000,plateau rule,0.012855825796096258,1.3689522408114538
32,1536,reconly,0,18000,plateau rule,0.013341810225683547,1.1195803609159258
